admin,moodle
tool_generator_000001,moodle
tool_generator_000002,moodle
tool_generator_000003,moodle
tool_generator_000004,moodle
tool_generator_000005,moodle
tool_generator_000006,moodle
tool_generator_000007,moodle
tool_generator_000008,moodle
tool_generator_000009,moodle
tool_generator_000010,moodle
tool_generator_000011,moodle
tool_generator_000012,moodle
tool_generator_000013,moodle
tool_generator_000014,moodle
tool_generator_000015,moodle
tool_generator_000016,moodle
tool_generator_000017,moodle
tool_generator_000018,moodle
tool_generator_000019,moodle
tool_generator_000020,moodle
tool_generator_000021,moodle
tool_generator_000022,moodle
tool_generator_000023,moodle
tool_generator_000024,moodle
tool_generator_000025,moodle
tool_generator_000026,moodle
tool_generator_000027,moodle
tool_generator_000028,moodle
tool_generator_000029,moodle
tool_generator_000030,moodle
tool_generator_000031,moodle
tool_generator_000032,moodle
tool_generator_000033,moodle
tool_generator_000034,moodle
tool_generator_000035,moodle
tool_generator_000036,moodle
tool_generator_000037,moodle
tool_generator_000038,moodle
tool_generator_000039,moodle
tool_generator_000040,moodle
tool_generator_000041,moodle
tool_generator_000042,moodle
tool_generator_000043,moodle
tool_generator_000044,moodle
tool_generator_000045,moodle
tool_generator_000046,moodle
tool_generator_000047,moodle
tool_generator_000048,moodle
tool_generator_000049,moodle
tool_generator_000050,moodle
tool_generator_000051,moodle
tool_generator_000052,moodle
tool_generator_000053,moodle
tool_generator_000054,moodle
tool_generator_000055,moodle
tool_generator_000056,moodle
tool_generator_000057,moodle
tool_generator_000058,moodle
tool_generator_000059,moodle
tool_generator_000060,moodle
tool_generator_000061,moodle
tool_generator_000062,moodle
tool_generator_000063,moodle
tool_generator_000064,moodle
tool_generator_000065,moodle
tool_generator_000066,moodle
tool_generator_000067,moodle
tool_generator_000068,moodle
tool_generator_000069,moodle
tool_generator_000070,moodle
tool_generator_000071,moodle
tool_generator_000072,moodle
tool_generator_000073,moodle
tool_generator_000074,moodle
tool_generator_000075,moodle
tool_generator_000076,moodle
tool_generator_000077,moodle
tool_generator_000078,moodle
tool_generator_000079,moodle
tool_generator_000080,moodle
tool_generator_000081,moodle
tool_generator_000082,moodle
tool_generator_000083,moodle
tool_generator_000084,moodle
tool_generator_000085,moodle
tool_generator_000086,moodle
tool_generator_000087,moodle
tool_generator_000088,moodle
tool_generator_000089,moodle
tool_generator_000090,moodle
tool_generator_000091,moodle
tool_generator_000092,moodle
tool_generator_000093,moodle
tool_generator_000094,moodle
tool_generator_000095,moodle
tool_generator_000096,moodle
tool_generator_000097,moodle
tool_generator_000098,moodle
tool_generator_000099,moodle